Cinematic Western Wedding Films,Informational Videos With Motion Graphics ,Shorts And Reels,Casual Videos
"Cinematic western wedding Films. With Story build up and Full color correction, Edited in Premier Pro","These Videos are for Youtube Channels and a lot of motion graphics are used in these videos, Edited in After Effects","These Shorts are for Youtube channels and Insta reels, Edited in Premier Pro",Just some extra casual videos edited in After Effects
https://www.youtube.com/watch?v=tAJnu6SJ9mo,https://www.youtube.com/watch?v=mLiwag-n9f4,https://youtu.be/pfNXcrpDbiI,https://www.youtube.com/watch?v=DU1JX6lXooU
https://www.youtube.com/watch?v=u4nLLun2ImE,https://www.youtube.com/watch?v=3JEKKpMMtdE,https://youtu.be/hGMlm5CNjhQ,https://www.youtube.com/watch?v=F54Rk6cEsZ8
https://www.youtube.com/watch?v=jJLX40HjPFs,https://www.youtube.com/watch?v=sME5eFCx-Fk,https://www.youtube.com/watch?v=od2VwYj8r4g,https://www.youtube.com/watch?v=DCk4FO_kSks
https://www.youtube.com/watch?v=ZMvXnhZgshs,https://www.youtube.com/watch?v=8pT1iJHvilk,https://youtu.be/SogQ0BbqWqs,https://m.youtube.com/watch?v=qTXA5jetxG4
https://www.youtube.com/watch?v=nCH9-sTsf9M,https://www.youtube.com/watch?v=HjisQtsLljk,https://youtu.be/ICb5jVQTuB4,https://m.youtube.com/watch?v=yFHlqIBMRsg
https://www.youtube.com/watch?v=1orgr6cz7xc,https://www.youtube.com/watch?v=WwQlpW2ERUc&t=1s,https://youtu.be/cVlAQ6NcmuQ,https://m.youtube.com/watch?v=aOCOke2qrkc
https://www.youtube.com/watch?v=iVSrc1m3liw,,https://www.youtube.com/watch?v=1FtnTwuTqnU,
https://www.youtube.com/watch?v=DoiwWAsmcHI,,https://www.youtube.com/watch?v=c1RDpkX2rNg,
https://www.youtube.com/watch?v=dT2ObqSJWTc,,https://www.youtube.com/watch?v=hh20zZY3hRU,
https://www.youtube.com/watch?v=YPmEgbLvWAs,,https://www.youtube.com/watch?v=mIw2WSqULMg,
https://www.youtube.com/watch?v=9AcSjQkVJZY,,https://www.youtube.com/watch?v=VGiHxP15Jig,
https://www.youtube.com/watch?v=6P1cSSjau1E,,,
https://www.youtube.com/watch?v=-3iVSqn575U,,,
https://www.youtube.com/watch?v=LPCyKnQHQRk,,,
https://www.youtube.com/watch?v=vCIzoa7j9wo,,,
https://www.youtube.com/watch?v=rsHcHBINwM8,,,
https://www.youtube.com/watch?v=cUQxDLHIVBw,,,
https://www.youtube.com/watch?v=RXo5_rXzYVo,,,
https://www.youtube.com/watch?v=s92vwKOtYvY,,,
https://www.youtube.com/watch?v=ZAk-dn8mkro,,,
https://www.youtube.com/watch?v=YPZZypv4UeE,,,
https://www.youtube.com/watch?v=hMlMTmLBRPk,,,
https://www.youtube.com/watch?v=AaXYSE0jyyQ,,,
https://www.youtube.com/watch?v=2XPJDgiys6s,,,
https://www.youtube.com/watch?v=-kBFcHgwbQ0,,,
https://www.youtube.com/watch?v=w84d4oMAU9U,,,